landmark;nama;harga;luas;Kasur;Kipas Angin;Guling;Bantal;Cermin;Cleaning service;AC;Fasilitas kamar;Meja;Ventilasi;Dispenser;Wastafel;TV Kabel;Kulkas;Dapur Pribadi;Kursi;Jendela;Lemari Baju;TV;Meja Rias;Shower;Fasilitas kamar mandi;Air panas;Bak mandi;K. Mandi Luar;Kloset Duduk;Ember mandi;Kloset Jongkok;K. Mandi Dalam;Rp20.000/hari;Rp499.999;Tamu menginap dikenakan biaya;Rp100.000;Deposit;Tipe ini bisa diisi maks. 4 orang/ kamar;Tipe ini bisa diisi maks. 3 orang/ kamar;Rp100.000/3 hari;Wajib sertakan surat nikah saat pengajuan sewa;Rp300.000/3 hari;Tamu boleh menginap;Dibebankan jika penyewa terlambat bayar tagihan sewa.;Tipe ini bisa diisi maks. 2 orang/ kamar;Tidak untuk pasutri;Wajib sertakan kartu keluarga saat pengajuan sewa;Rp50.000/10 hari;Boleh bawa anak;Rp9.998/hari;Rp300.000;Denda keterlambatan;Tambah biaya untuk alat elektronik;Tipe ini bisa diisi maks. 1 orang/ kamar;Rp500.000;Rp50.000/3 hari;Boleh pasutri;Rp50.000/2 hari;Tidak boleh bawa anak;Agar pemilik dapat menghitung biayanya, mohon tulis detail barang elektronik saat pengajuan sewa.;Peraturan khusus tipe kamar ini;Rp100.000/2 hari;Dikembalikan di akhir periode sewa jika tidak ditemukan kerusakan pada kamar.;Rp10.000/4 hari;Rp50.000/7 hari;Rp200.000;Rp50.000/hari;R. Jemur;Kartu Akses;Balcon;Locker;R. Tamu;Laundry;Joglo;R. Santai;Pengurus Kos;Jual Makanan;Mesin Cuci;Penjaga Kos;Taman;CCTV;R. Cuci;Jemuran;Fasilitas umum;Dapur;Gazebo;R. Keluarga;WiFi;R. Makan;Mushola;Parkir Sepeda;Parkir Mobil;Fasilitas parkir;Parkir Motor;gender_1
['Rumah Makan Karamba', '700 m', 'Circle K - Nusa Indah', '581 m', 'Masjid Mina Yogyakarta', '2.7 km', 'Sekolah Tinggi Ilmu Manajemen Ykpn', '3.5 km', 'RS Umum Condong Catur', '534 m'];['Kost Al Faruq Ngaglik Sleman 257498AF'];1350000;9.0;True;False;False;True;True;True;True;True;True;True;False;False;False;True;False;True;False;True;False;False;True;True;True;False;False;True;True;False;True;False;False;False;False;False;False;False;False;False;False;False;False;False;True;False;False;False;False;False;False;False;True;False;False;False;False;True;False;True;False;False;False;False;False;False;True;False;False;False;False;False;False;True;True;False;False;False;False;True;False;True;True;True;False;False;True;False;True;False;False;True;True;Kos Putra
['Rumah Makan Rata-Rata', '2.3 km', 'Circle K Sorogenen', '3.5 km', 'Masjid Jami Tajem', '1.7 km', 'Bank BNI Kalasan', '3.5 km', 'Institut Pertanian Stiper', '3.0 km', 'RS Ibu Anak Arvita Bunda', '2.0 km'];['Kost Katte Living Kalasan Sleman 7B1QDH03'];750000;14.0;False;False;False;False;False;False;False;True;False;True;False;False;False;False;False;False;True;False;False;False;False;True;False;False;False;False;True;True;True;False;False;False;False;False;False;False;False;True;False;False;False;True;False;False;False;False;False;False;False;False;False;False;False;True;False;True;False;True;False;False;False;False;False;False;True;False;False;False;True;False;False;False;True;False;False;False;True;True;False;True;True;True;False;False;True;False;False;True;False;True;True;Kos Putri
['Rumah Makan Sari Rasa', '1.0 km', 'Circle K Janti Yogya Expo Center', '2.9 km', 'Sekolah Tinggi Ilmu Kesehatan Surya Global', '1.3 km', 'RS Khusus Ibu dan Anak PKU Muhammadiyah Kotagede', '866 m'];['Kost Dinda Pavilliun Banguntapan Bantul J1MPV187'];1350000;18.0;False;False;False;False;False;False;False;False;False;False;False;False;False;False;False;False;False;False;False;False;False;True;False;False;False;False;True;True;False;False;False;False;False;False;False;False;False;True;False;False;True;True;False;False;True;False;False;False;True;False;False;False;False;True;False;True;False;True;False;False;False;False;False;False;False;False;False;False;True;False;False;False;True;False;False;False;False;False;False;True;True;True;False;False;True;False;False;True;False;True;True;Kos Putri
['Rumah Makan & Restoran Parangtritis', '5.0 km', 'Masjid Al Mukmin', '518 m', 'Institut Seni Indonesia Yogyakarta', '2.2 km', 'RS Khusus Bedah Ring Road Selatan', '445 m'];['Kost Melati Sewon Bantul 296538MS'];600000;9.0;False;False;False;False;False;False;False;True;False;True;False;True;False;False;False;False;True;False;False;False;False;True;False;False;False;True;True;False;False;False;False;False;False;False;False;False;False;False;False;False;False;True;True;False;False;False;False;False;False;False;False;False;False;False;False;True;False;True;False;False;False;False;False;False;False;False;False;False;True;False;False;False;False;False;False;False;False;False;False;False;True;False;False;False;False;False;False;False;False;False;False;Kos Putri
['Rumah Makan & Seafood 99', '468 m', 'Masjid Al - Aman', '807 m', 'Sekolah Tinggi Ilmu Kesehatan Aisyiyah Yogyakarta', '937 m'];['Kost The Alamanda Godean Sleman 689PA'];1250000;9.0;True;False;True;True;True;False;True;True;True;True;True;True;False;True;False;True;True;True;False;False;True;True;False;False;False;True;False;False;True;False;False;False;False;True;False;False;False;False;False;False;True;False;True;False;False;False;False;False;True;True;True;False;False;False;False;True;True;True;False;True;True;False;True;False;True;False;True;False;False;False;False;True;False;False;True;False;False;False;True;True;True;True;False;False;True;False;False;False;False;True;True;Kos Putri
['Masjid Khadija', '7.2 km', 'Universitas Islam Indonesia', '1.0 km', 'RS Umum Mitra Paramedika', '5.1 km'];['Kost Rumah Joglo Ngemplak Sleman 164RJ'];900000;20.0;True;True;False;True;False;False;False;True;True;True;False;False;False;False;True;True;False;True;True;False;True;True;False;False;False;False;True;True;True;False;False;False;False;False;False;False;False;True;False;False;False;True;False;True;False;True;False;False;False;False;False;False;False;True;False;False;False;True;False;False;False;False;False;False;True;False;False;False;False;False;True;True;False;False;False;False;False;False;False;False;True;True;False;False;False;False;False;True;True;True;True;Kos Campur
['Warteg & Es Kelapa Muda Mas Kirno', '1.2 km', 'Circle K - Nusa Indah', '1.0 km', 'Masjid Muslim United', '1.3 km', 'Bank Mandiri', '2.0 km', 'Universitas Amikom Yogyakarta', '720 m', 'RS Jih', '155 m'];['Kost Singgahsini Alpukat Rania Tipe A Condong Catur Yogyakarta T775NZ5X'];1235000;7.5;True;False;True;True;True;False;True;True;True;True;True;False;False;True;False;True;True;True;True;False;True;True;True;False;False;True;False;False;True;False;False;True;False;True;False;False;False;False;False;False;False;True;True;False;False;False;False;True;False;True;False;False;False;False;False;True;True;True;False;True;False;False;False;False;True;False;False;False;True;False;False;False;False;False;False;False;False;False;True;False;True;True;False;False;True;False;False;False;True;True;True;Kos Putri
['Rumah Makan Seafood Ls', '2.9 km', 'Masjid Arrohmat', '253 m', 'Sekolah Tinggi Ilmu Manajemen Ykpn', '3.5 km', 'RSU Puri Husada Yogyakarta', '2.5 km'];['Kost Jakal Pak Arif Ngaglik Sleman 01V9BZ7M'];500000;0.0;False;False;False;False;False;False;False;False;False;False;False;False;False;False;False;False;False;False;False;False;False;False;False;False;False;False;False;False;False;False;False;False;False;False;False;False;False;False;False;False;False;False;True;False;False;False;False;False;False;False;True;False;False;False;False;True;False;True;False;False;False;False;False;False;False;False;False;False;False;False;False;False;False;False;False;False;False;False;False;True;True;True;False;False;False;False;False;False;False;True;True;Kos Putra
['Rumah Makan Seafood Dewi', '464 m', 'Circle K AM Sangaji', '902 m', 'BCA Bank Pingit Branch', '504 m', 'Sekolah Tinggi Ilmu Administrasi Aan', '430 m', 'RS Umum Sakina Idaman', '310 m'];['Kost Sumaryadi Mlati Sleman 240CQ'];1000000;12.0;True;True;False;False;False;False;False;True;False;True;False;False;False;False;False;False;True;True;False;False;True;True;False;False;False;True;False;False;True;False;False;True;False;False;False;False;False;False;False;False;False;False;True;False;False;False;False;False;False;False;True;False;False;False;False;True;False;True;False;False;False;False;False;False;True;False;False;False;False;False;False;False;False;True;False;False;False;False;False;True;True;False;False;False;True;False;False;True;False;True;True;Kos Putri
['Rumah Makan Rata Rata', '697 m', 'Masjid Qoriban', '1.7 km', 'Sekolah Tinggi Ilmu Kesehatan Aisyiyah Yogyakarta', '1.6 km', 'RS Umum Queen Latifa', '2.2 km'];['Kost Griya Kirana Tipe A Gamping Sleman 491GK'];1100000;20.0;True;True;False;True;True;False;False;True;True;True;False;False;False;False;False;True;True;True;False;False;True;True;False;False;False;True;True;False;True;False;False;False;False;False;False;False;False;False;False;False;True;False;True;False;False;False;False;False;True;False;True;False;False;False;True;True;False;True;False;False;False;False;False;False;True;False;False;False;True;False;False;False;False;False;False;False;False;False;False;True;True;False;False;False;True;False;False;True;True;True;True;Kos Putri
['Rumah Makan Luku Jalan Bantul', '1.6 km', 'Masjid Al Muhtar ISI Yogyakarta', '68 m', 'BNI 46 KCP Bantul', '3.2 km', 'Institut Seni Indonesia Yogyakarta', '337 m', 'RS Umum Griya Mahardika Yogyakarta', '2.1 km'];['Kost Mansion Oren Sewon Bantul H6H27DC8'];400000;0.0;False;False;False;False;False;False;False;False;False;False;False;True;False;False;False;False;False;False;False;False;False;True;False;False;True;False;False;True;False;False;False;False;False;False;False;False;False;False;False;False;False;False;True;False;False;False;False;False;False;False;True;False;False;False;False;True;False;True;False;False;False;False;False;False;False;False;True;False;False;False;False;False;False;False;False;False;False;False;False;True;True;True;False;False;False;False;False;True;False;True;True;Kos Putri
['Rumah Makan Seafood Ls', '591 m', 'Masjid Arrohmat', '3.1 km', 'Universitas Islam Indonesia', '1.0 km', 'RS Umum Gramedika 10', '789 m'];['Kost Mafaza Tipe A Ngaglik Sleman 281396PM'];650000;12.0;True;False;False;False;False;False;True;True;False;False;False;False;False;True;False;False;False;True;True;False;True;True;False;False;False;True;True;False;True;False;False;False;False;False;False;False;False;False;True;False;True;False;True;False;False;False;False;False;True;False;True;False;False;False;False;True;False;True;False;False;False;False;False;False;True;False;False;False;True;False;False;False;False;False;False;False;False;True;True;True;True;True;False;False;True;False;False;False;False;True;True;Kos Putri
['Rumah Makan Sari Rasa', '1.1 km', 'Circle K Kusumanegara', '868 m', 'Masjid Al Huda Gedongkuning', '578 m', 'Universitas Islam Negeri Sunan Kalijaga Yogyakarta', '2.7 km', 'RSPAU Dr. Suhardi Harjolukito', '1.9 km'];['Kost Charis Rejowinangun Tipe A Kotagede Yogyakarta 493AA'];650000;9.0;True;True;True;True;True;False;False;True;True;True;True;False;False;True;False;True;False;True;False;True;True;True;False;False;False;True;True;False;False;False;False;True;False;False;False;False;False;False;False;False;False;False;True;False;False;False;False;False;False;False;True;False;False;False;False;True;False;True;False;False;False;False;False;False;True;False;False;False;True;True;False;True;False;False;False;True;False;False;True;False;True;True;False;False;True;False;False;True;False;True;True;Kos Putri
['Warteg Bangjo', '962 m', 'Masjid Khadija', '6.7 km', 'Universitas Islam Indonesia', '487 m', 'RS Umum Mitra Paramedika', '4.7 km'];['Kost Tukimin Tipe B Ngemplak Sleman 783942TU'];545000;8.959999999999999;False;False;False;False;False;False;False;False;False;False;False;False;False;False;False;False;False;False;False;False;False;True;False;True;False;False;False;True;True;False;False;False;False;False;False;False;False;False;False;False;False;False;True;False;False;False;False;False;False;False;True;False;False;False;False;True;False;True;False;False;False;False;False;False;True;False;False;False;False;False;False;False;False;False;False;False;False;False;True;False;True;False;False;False;False;False;False;True;False;True;True;Kos Putra
['Rumah Makan Rata-Rata', '1.4 km', 'Circle K Kusumanegara', '3.5 km', 'Masjid Jami Karangkajen Yogyakarta', '994 m', 'Universitas Ahmad Dahlan', '3.4 km', 'RS Umum Daerah Kota Yogyakarta', '352 m'];['Kost Putri Uad Tipe A Umbulharjo Yogyakarta 0PLT03S8'];650000;12.0;False;False;False;False;False;False;False;False;False;False;False;False;False;False;False;False;False;False;False;False;False;True;False;False;False;False;True;True;True;False;False;False;False;False;False;False;False;False;False;False;False;False;True;False;False;False;False;False;False;False;True;False;False;False;False;True;False;True;False;False;False;False;False;False;True;False;True;False;False;False;False;False;False;False;False;False;False;True;False;True;True;True;False;False;True;False;False;True;False;True;True;Kos Putri
['Rumah Makan Karamba', '952 m', 'Circle K - Nusa Indah', '843 m', 'Masjid Mina Yogyakarta', '2.3 km', 'Sekolah Tinggi Ilmu Manajemen Ykpn', '3.4 km', 'RS Umum Condong Catur', '922 m'];['Kost Fariz 2 Ngaglik Sleman 742615FN'];450000;12.0;False;False;False;True;False;False;False;True;False;False;False;False;False;False;False;False;True;False;False;False;True;True;False;True;False;True;False;True;True;False;False;False;False;False;False;False;False;False;False;False;False;False;True;False;False;False;False;False;False;False;True;False;False;False;False;True;False;True;False;False;False;False;False;False;True;False;False;False;False;False;False;True;False;False;False;False;False;False;True;True;True;True;False;True;True;True;False;True;False;True;True;Kos Putra
['Rumah Makan Selera Kuring', '3.0 km', 'Circle K RingRoad', '993 m', 'Masjid Mataram City', '731 m', 'Sekolah Tinggi Ilmu Manajemen Ykpn', '777 m', 'RSU Puri Husada Yogyakarta', '4.5 km'];['Kost Pak Muchandar Depok Sleman 127PM'];550000;9.0;False;False;False;False;False;False;False;False;False;False;True;False;False;False;False;False;False;False;False;False;False;True;False;False;False;True;False;False;False;False;False;False;False;False;False;False;False;False;False;False;False;False;True;False;False;False;False;False;False;False;True;False;False;False;False;True;False;True;False;False;False;False;False;False;True;False;False;False;False;False;False;False;False;False;True;False;False;False;True;False;True;True;False;False;True;False;False;True;False;True;True;Kos Putra
['Rumah Makan Seafood Dewi', '2.2 km', 'Circle K Jombor', '377 m', 'Bank BPDDIY Syariah', '988 m', 'Universitas Teknologi Yogyakarta', '647 m', 'RS Khusus Bedah Sinduadi', '1.3 km'];['Kost AdityaVika Mlati Sleman 439HD'];450000;12.0;True;False;False;False;False;False;False;True;False;False;False;False;False;False;False;False;False;True;False;False;False;True;False;False;False;False;False;False;False;False;False;False;False;False;False;False;False;False;False;False;False;False;True;False;False;False;False;False;False;False;True;False;False;False;False;True;False;True;False;False;False;False;False;False;False;False;False;False;False;False;False;False;False;False;False;False;False;False;False;False;True;True;False;False;False;False;False;True;False;True;True;Kos Putri
['Rumah Makan Seafood Dewi', '4.4 km', 'Circle K Jombor', '2.4 km', 'Bank BPD DIY', '1.3 km', 'Universitas Teknologi Yogyakarta', '2.2 km', 'RS Khusus Bedah Sinduadi', '3.6 km'];['Kost Bifanka Mlati Sleman 513947BI'];650000;12.0;True;True;False;True;False;False;False;True;True;True;False;False;False;False;False;False;True;True;False;False;False;True;False;False;False;False;True;True;True;False;False;False;False;False;False;True;False;False;False;False;False;False;True;True;False;True;False;False;False;False;False;False;False;False;False;False;False;True;False;False;False;False;False;False;True;False;False;False;True;False;False;False;True;True;False;True;False;False;False;False;True;True;False;False;True;False;False;True;False;True;True;Kos Campur
['Rumah Makan Rata Rata', '2.4 km', 'Masjid Nogotirto (Mosque)', '914 m', 'Sekolah Tinggi Ilmu Kesehatan Aisyiyah Yogyakarta', '613 m', 'RS Umum Queen Latifa', '626 m'];['Kost Kafiya Gamping Sleman Y121LS7J'];600000;8.100000000000001;True;False;False;False;True;False;False;True;True;True;False;False;False;True;False;False;True;True;True;False;True;True;False;True;True;False;True;True;False;False;False;False;False;False;False;False;False;False;False;False;False;True;True;False;False;False;False;False;False;False;False;False;False;False;False;True;False;True;False;False;False;False;False;False;True;False;True;False;True;False;False;True;False;False;False;True;False;False;False;False;True;True;False;False;True;False;False;True;False;True;True;Kos Putri
['Rumah Makan Plecing Kangkung', '572 m', 'Circle K Kotabaru', '484 m', 'Sekolah Tinggi Ilmu Ekonomi Isti Ekatana Upaweda', '569 m', 'RS Tk. III 04.06.03 Dr. Soetarto', '621 m'];['Kost Triem Tipe C Danurejan Yogyakarta 359482TR'];1400000;15.0;True;False;False;True;True;False;True;True;True;True;True;False;False;True;False;True;False;True;True;False;True;True;False;False;True;True;True;False;True;False;False;True;False;False;False;False;False;False;False;False;False;False;True;False;False;False;False;False;False;True;True;False;False;False;False;True;True;True;False;False;False;False;False;False;False;False;False;False;True;False;False;False;True;False;False;True;False;False;False;False;True;False;False;True;True;False;False;False;True;True;True;Kos Putri
"['Lapo Hasian ""Rumah Makan Khas Batak Toba"" Yogyakarta', '1.0 km', 'Circle K Gejayan', '105 m', 'Masjid Muslim United', '1.5 km', 'BNI Syariah Jalan Kaliurang', '1.7 km', 'Universitas Negeri Yogyakarta', '549 m', 'RSK Bedah An-Nur', '734 m']";['Kost Rumah Ibu Depok Sleman 975WN'];1300000;12.0;True;False;False;False;True;False;True;True;True;True;True;True;False;True;False;True;True;True;True;False;True;True;False;False;True;True;False;False;True;False;False;False;False;False;False;False;False;False;False;False;False;False;True;False;False;False;False;False;False;False;True;False;False;False;False;True;False;True;False;False;False;False;False;False;True;False;False;False;True;False;False;True;False;False;False;False;False;False;True;False;True;True;False;False;True;False;False;True;False;True;True;Kos Putri
['Warteg & Es Kelapa Muda Mas Kirno', '112 m', 'Circle K Gatic Condongsari (Korner)', '581 m', 'Masjid Muslim United', '1.7 km', 'BNI Syariah Jalan Kaliurang', '2.8 km', 'Universitas Pembangunan Nasional Veteran Yogyakarta', '748 m', 'RS Jih', '1.0 km'];['Kost Wisma Sari 2 Depok Sleman 781396KO'];875000;12.0;True;False;False;False;False;False;False;True;True;True;False;False;False;True;False;True;True;True;False;False;True;True;False;False;False;True;False;False;True;False;False;True;False;False;False;False;False;False;False;False;False;False;True;False;False;False;False;False;False;False;True;False;False;False;False;True;False;True;False;False;False;False;False;False;False;False;False;False;True;False;True;False;True;False;False;False;False;False;False;True;True;True;True;False;True;False;True;True;False;True;True;Kos Putri
['Rumah Makan Seafood Ls', '2.3 km', 'Masjid Arrohmat', '1.7 km', 'Universitas Islam Indonesia', '2.9 km', 'RSU Puri Husada Yogyakarta', '1.4 km'];['Kost Madam Muslimah Tipe A Ngaglik Sleman 856MA'];1850000;20.0;True;False;False;False;False;True;True;True;True;True;False;False;False;True;False;True;False;True;True;True;True;True;True;False;False;True;False;False;True;False;False;True;False;False;False;False;False;False;False;False;False;False;True;False;False;False;False;False;False;False;True;False;False;False;False;True;False;True;False;False;False;False;False;False;False;False;False;False;True;True;False;True;False;False;False;True;False;False;False;False;True;True;False;False;True;True;True;True;True;True;True;Kos Putri
['Rumah Makan Selera Kuring', '1.8 km', 'Masjid Mataram City', '1.4 km', 'Sekolah Tinggi Ilmu Manajemen Ykpn', '1.4 km', 'RSU Puri Husada Yogyakarta', '2.6 km'];['Kost Lau Home Ngaglik Sleman 569LH'];700000;12.0;True;True;False;False;False;False;False;True;True;False;False;False;False;True;False;True;False;True;True;False;False;True;False;False;False;True;False;False;False;False;False;False;False;False;False;False;False;False;False;False;False;True;True;False;False;False;False;False;False;False;False;False;False;False;False;True;False;True;False;False;False;False;False;False;True;False;False;False;True;False;False;True;False;False;False;False;True;False;False;False;True;True;False;True;True;True;False;True;False;True;True;Kos Putri
['Rumah Makan Plecing Kangkung', '1.9 km', 'Circle K Sosrowijayan II', '2.3 km', 'Masjid Agung Pura Pakualaman', '649 m', 'Bank Jogja', '3.0 km', 'Universitas Islam Negeri Sunan Kalijaga Yogyakarta', '3.1 km', 'RSK THT Prof R Oepomo', '934 m'];['Kost Homie Syariah 2 Tipe A Mergangsan Yogyakarta V28D4S9F'];1400000;9.0;True;False;False;True;False;False;True;True;False;False;False;False;False;True;False;False;False;False;False;False;True;True;False;False;False;True;True;False;True;False;False;True;False;False;False;False;False;False;False;False;False;False;True;False;False;False;False;False;False;False;True;False;False;False;False;True;False;True;False;False;False;False;False;False;True;False;False;False;True;False;False;False;False;False;False;False;False;True;True;True;True;True;False;False;True;False;False;False;False;True;True;Kos Putri
['Warteg Bangjo', '359 m', 'Masjid Khadija', '6.0 km', 'Universitas Islam Indonesia', '546 m', 'RS Umum Mitra Paramedika', '4.3 km'];['Kost Villa Selaras Ngemplak Sleman 163524PP'];820000;12.0;True;False;False;True;True;True;False;True;False;True;False;False;False;False;False;False;True;True;False;False;True;True;False;False;False;True;True;False;True;False;False;False;False;False;False;False;False;False;False;False;False;False;True;False;False;False;False;False;False;False;True;False;False;False;False;True;False;True;False;False;False;False;False;False;False;True;False;False;True;False;False;True;False;False;False;False;False;True;False;False;True;True;False;False;True;False;False;True;True;True;True;Kos Putri
['Masjid Thoat', '2.2 km', 'Bank BRI Cabang Sleman', '3.0 km', 'RS Umum Daerah Sleman', '1.6 km'];['Kost SIP Tipe A Sleman Sleman 708RRWW0'];640000;12.0;True;False;True;True;False;False;False;True;True;True;False;False;False;True;False;False;True;True;False;False;True;True;False;False;False;False;True;True;True;True;False;False;False;False;False;False;False;False;False;False;True;True;True;False;False;False;False;False;True;False;False;False;False;False;False;True;False;True;False;False;False;False;False;False;True;False;True;False;True;False;False;True;False;False;False;False;False;True;True;True;True;True;False;False;True;False;False;True;True;True;True;Kos Putri
['Rumah Makan Sari Rasa', '513 m', 'Circle K Kusumanegara', '1.4 km', 'Masjid Al Huda Gedongkuning', '978 m', 'Universitas Islam Negeri Sunan Kalijaga Yogyakarta', '3.2 km', 'RS Khusus Ibu dan Anak Permata Bunda', '898 m'];['Kost Puspa Arum 2 Tipe B Kotagede Yogyakarta D28K5TU3'];1150000;12.25;True;False;False;True;True;False;True;True;True;True;False;False;False;False;False;True;True;True;False;False;True;True;False;False;False;True;False;False;True;False;False;False;False;False;False;True;False;True;False;False;False;False;False;True;False;True;False;False;False;False;False;False;False;True;False;False;False;True;False;False;False;False;False;False;False;False;False;False;False;False;False;False;False;False;False;True;False;False;False;False;True;False;False;False;True;False;False;True;True;True;True;Kos Campur
['Warteg Al Rizki', '320 m', 'Circle K Cakra Kaliurang', '274 m'];['Kost Grhatama Jalan Kaliurang UGM Yogyakarta 319425GG'];2500000;16.0;True;False;True;True;True;True;True;True;True;False;False;True;False;True;False;True;True;False;True;False;True;True;True;False;False;True;False;False;True;False;False;True;False;True;False;False;False;False;False;False;False;False;True;False;False;False;False;True;False;False;True;False;False;False;False;True;False;True;False;True;False;False;False;False;False;False;False;False;False;False;False;False;False;False;False;True;False;True;False;False;True;False;False;False;True;False;False;False;True;True;True;Kos Campur
['Rumah Makan Rata-Rata', '968 m', 'Circle K - Nusa Indah', '1.7 km', 'Masjid Jami Tajem', '1.5 km', 'Bank Mandiri', '4.2 km', 'Universitas Amikom Yogyakarta', '1.7 km', 'RS Ibu Anak Arvita Bunda', '1.2 km'];['Kost Elci Tipe B Depok Sleman 412EM'];1400000;10.5;True;False;False;True;False;False;True;True;False;False;False;False;False;True;False;False;True;True;False;False;True;True;False;False;False;True;True;False;True;False;False;False;False;False;False;False;False;False;False;False;False;False;True;False;False;False;False;False;False;False;True;False;False;False;False;True;False;True;False;False;False;False;False;False;True;False;False;False;True;True;False;True;False;False;True;True;False;False;True;False;True;True;False;False;True;False;False;True;False;True;True;Kos Putri
['Rumah Makan Seafood Dewi', '1.9 km', 'Circle K Sinduadi', '807 m', 'Bank BPDDIY Syariah', '783 m', 'Universitas Teknologi Yogyakarta', '356 m', 'RS Khusus Bedah Sinduadi', '1.1 km'];['Kost Paviliun Queen Tipe A1 Mlati Sleman Q65A4WK9'];1100000;30.25;True;False;True;True;False;False;False;True;True;False;False;False;False;False;True;False;False;True;False;False;False;True;False;False;False;False;True;True;True;False;False;False;False;False;False;False;False;True;False;False;False;False;False;False;False;False;False;False;False;False;True;False;False;True;False;True;False;True;False;False;False;False;False;False;True;False;False;False;False;False;False;False;False;False;False;False;False;False;False;False;True;False;False;False;True;False;False;True;True;True;True;Kos Putri
['Rumah Makan Ikan Bakar Slengseng', '2.7 km', 'Masjid Jami Karangkajen Yogyakarta', '1.5 km', 'Institut Seni Indonesia Yogyakarta', '3.0 km', 'RS Umum Griya Mahardika Yogyakarta', '1.4 km'];['Kost DMI Tipe A Banguntapan Bantul 61D2E8DQ'];1100000;9.0;True;False;False;True;False;False;True;True;False;True;False;False;False;True;False;False;False;True;False;False;True;True;False;False;False;False;True;True;True;False;False;False;False;False;False;False;False;False;False;False;False;False;True;False;False;False;False;False;False;False;True;False;False;False;False;True;False;True;False;False;False;False;False;False;False;False;False;False;False;False;False;False;False;False;False;False;False;False;False;True;True;True;False;False;True;True;False;True;False;True;True;Kos Putri
['Rumah Makan Luku Jalan Bantul', '684 m', 'Masjid Al Muhtar ISI Yogyakarta', '1.1 km', 'Institut Seni Indonesia Yogyakarta', '985 m', 'RS Khusus Bedah Ring Road Selatan', '1.3 km'];['Kost Tri Sakti Sewon Bantul 6RY85V5S'];700000;12.0;True;False;False;True;False;False;False;True;False;True;True;True;False;False;False;False;True;False;False;False;True;True;False;False;False;True;True;False;False;False;False;False;False;False;False;False;False;False;False;False;False;False;True;False;False;False;False;False;False;True;True;False;False;False;False;True;True;True;False;False;False;False;False;False;True;False;True;False;False;False;False;True;False;False;False;False;False;False;True;True;True;False;False;False;True;False;False;True;False;True;True;Kos Putri
['Rumah Makan Mbah Buyut', '328 m', 'Masjid Danunegaran', '416 m', 'RSK THT Sari Asih', '182 m'];['Kost Omah Ngadinegaran Syariah Homestay Double Bedroom Mantrijeron Yogyakarta Y9XE9Z95'];2700000;0.0;False;False;False;False;False;False;False;False;False;False;False;False;False;False;False;False;False;False;False;False;False;False;False;False;False;False;False;False;False;False;False;False;False;False;False;False;False;False;False;False;False;False;False;False;False;False;False;False;False;False;False;False;False;False;False;False;False;False;False;False;False;False;False;False;False;False;False;False;False;False;False;False;False;False;False;False;False;False;False;False;False;False;False;False;False;False;False;True;True;True;True;Kos Campur
[];['Kost Naufal Moyudan Sleman 583462NM'];600000;12.0;True;False;False;False;False;False;False;True;False;False;False;False;False;False;False;False;False;True;False;False;True;True;False;False;False;True;False;False;False;False;False;False;False;False;False;False;False;False;False;False;False;False;True;False;False;False;False;False;False;False;True;False;False;False;False;True;False;True;False;False;False;False;False;False;False;False;False;False;False;False;False;False;False;False;False;False;False;False;False;False;True;False;False;False;True;False;False;False;True;True;False;Kos Putri
['Warteg 24', '934 m', 'Circle K RingRoad', '526 m', 'Masjid Mataram City', '1.1 km', 'Bank Syariah Indonesia KCP Yogyakarta Kaliurang', '830 m', 'Sekolah Tinggi Ilmu Manajemen Ykpn', '1.2 km', 'RSU Puri Husada Yogyakarta', '4.9 km'];['Kost Bima Plemburan Ngaglik Sleman 58M3QR8P'];1350000;12.0;True;False;False;True;False;False;True;True;True;True;False;False;False;False;False;False;True;True;True;False;True;True;True;False;False;True;True;False;True;False;False;False;False;False;False;False;False;True;False;False;False;False;False;False;False;False;False;False;False;False;True;False;False;True;False;True;False;True;False;False;False;False;False;False;False;False;False;False;False;False;False;False;True;False;False;True;False;False;False;False;True;False;False;False;True;False;False;True;True;True;True;Kos Putra
['Masjid Khadija', '7.0 km', 'Universitas Islam Indonesia', '542 m', 'RS Umum Mitra Paramedika', '5.2 km'];"[""Kost D'Panda House Ngemplak Sleman 341DP""]";1650000;12.0;True;False;False;False;False;False;True;True;True;True;False;False;True;True;False;True;False;True;False;True;True;True;True;False;False;True;True;False;True;False;False;False;False;False;False;False;False;False;False;False;False;True;True;False;False;False;False;False;False;False;False;False;False;False;False;True;False;True;False;False;False;False;False;False;True;False;False;False;True;True;False;True;False;False;False;True;False;False;False;False;True;True;False;False;True;True;True;True;True;True;True;Kos Putri
['Rumah Makan Seafood Dewi', '1.6 km', 'Circle K', '457 m', 'BNI Syariah Jalan Kaliurang', '588 m', 'Universitas Gadjah Mada', '970 m', 'RS Umum Sakina Idaman', '966 m'];['Kost Omah Nadhindra Tipe B Mlati Sleman 658PO'];1850000;12.0;True;False;False;True;True;True;True;True;True;True;False;False;False;True;False;True;True;True;False;False;True;True;False;False;False;True;False;False;True;False;False;False;False;True;False;False;False;False;False;False;False;False;True;False;False;False;False;False;False;False;True;True;False;False;False;True;False;True;False;True;False;False;False;False;True;False;True;False;False;True;False;False;False;False;False;False;False;False;False;True;True;True;False;False;True;True;False;True;True;True;True;Kos Putri
['Rumah Makan Seafood Dewi', '1.2 km', 'Circle K Sinduadi', '679 m', 'Masjid Baitul Muhtadin', '584 m', 'Bank BPDDIY Syariah', '666 m', 'Akademi Maritim Yogyakarta', '1.1 km', 'RS Khusus Bedah Sinduadi', '491 m'];['Kost Dinke Mlati Sleman 6C5ZRS76'];1450000;20.0;True;False;False;False;False;False;True;True;True;False;False;False;False;False;False;True;False;True;False;False;True;True;False;False;False;True;False;False;True;False;False;False;False;False;False;False;False;False;False;False;False;False;True;False;False;False;False;False;False;False;True;False;False;False;False;True;False;True;False;False;False;False;False;False;True;False;False;False;False;False;False;False;False;False;False;False;False;False;True;False;True;True;False;False;True;False;False;True;False;True;True;Kos Putra
['Rumah Makan Sari Rasa', '861 m', 'Circle K Janti Yogya Expo Center', '1.6 km', 'STISIP Kartika Bangsa', '950 m', 'RSPAU Dr. Suhardi Harjolukito', '1.8 km'];['Kost Ketandan Banguntapan Bantul 349BD'];650000;9.0;False;False;False;False;False;False;False;True;False;True;False;False;False;False;False;False;True;False;False;False;False;True;False;True;True;False;False;True;False;False;False;True;False;False;False;False;False;False;False;False;False;False;True;False;False;False;False;False;False;False;True;False;False;False;False;True;False;True;False;False;False;False;False;False;False;False;False;False;False;False;False;False;True;False;False;True;True;True;True;True;True;True;False;False;False;False;True;True;False;True;True;Kos Putra
['Rumah Makan Sari Rasa', '1.1 km', 'Circle K Janti Yogya Expo Center', '2.2 km', 'Masjid Gedhe Mataram Kotagede', '2.0 km', 'STISIP Kartika Bangsa', '1.5 km', 'RS Khusus Ibu dan Anak Permata Bunda', '1.4 km'];['Kost Bu Lik Tipe A Banguntapan Bantul 84AH7NX8'];450000;6.0;True;True;True;True;True;False;False;True;False;False;True;False;False;False;False;False;False;False;False;False;False;True;False;False;False;False;True;True;False;False;False;False;False;False;False;False;False;False;False;False;False;False;True;False;False;False;False;False;False;False;True;False;False;False;False;True;False;True;False;False;False;False;False;False;False;False;False;False;False;False;False;False;False;False;False;True;False;False;False;True;True;True;False;False;True;False;False;True;False;True;True;Kos Putri
['Rumah Makan Selera Kuring', '1.9 km', 'Masjid Mataram City', '1.0 km', 'Sekolah Tinggi Ilmu Manajemen Ykpn', '991 m', 'RSU Puri Husada Yogyakarta', '3.0 km'];['Kost Rumah Palagan Executive Ngaglik Sleman 451RP'];2250000;16.0;True;True;False;False;False;False;True;True;True;True;False;True;False;True;False;True;False;True;False;False;True;True;True;False;False;True;False;False;True;False;False;False;False;False;False;False;True;True;False;False;True;True;False;True;False;True;False;False;True;True;False;False;False;True;False;False;True;True;False;False;False;False;False;False;True;False;False;False;True;True;False;True;False;False;True;True;False;False;True;False;True;False;False;False;True;True;False;True;True;True;True;Kos Campur
['Masjid Al-Ghofur', '3.8 km', 'Universitas Muhammadiyah Yogyakarta', '648 m', 'RS Khusus Ibu dan Anak Kahyangan', '2.6 km'];['Kost Bu Arif Kasihan Bantul 675BA'];850000;12.0;True;False;False;False;False;False;False;True;False;True;False;False;False;True;False;False;True;True;True;False;True;True;False;False;False;True;True;False;True;False;False;False;False;False;False;False;False;False;False;False;False;False;True;False;False;False;False;False;False;False;True;False;False;False;False;True;False;True;False;False;False;False;False;False;True;False;True;False;True;False;False;True;True;False;False;False;False;False;True;False;True;True;False;False;True;False;False;True;True;True;True;Kos Putri
['Rumah Makan Kawanua', '2.9 km', 'Circle K Sinduadi', '1.2 km', 'Masjid Al-Hikmah Kronggahan', '2.3 km', 'BCA Bank Pingit Branch', '1.3 km', 'Sekolah Tinggi Ilmu Kesehatan Aisyiyah Yogyakarta', '2.3 km', 'RS Khusus Bedah Sinduadi', '1.2 km'];['Kost Mas Vendy Mlati Sleman TA44B24Y'];770000;9.0;True;False;False;False;False;False;False;True;True;False;False;False;False;False;False;False;True;True;False;False;False;True;False;False;True;False;True;True;False;False;False;False;False;False;False;False;False;False;False;False;False;False;True;False;False;False;False;False;False;False;True;False;False;False;False;True;False;True;False;False;False;False;False;False;True;False;True;False;False;False;False;False;True;False;False;True;True;False;False;True;True;False;False;True;True;False;False;True;False;True;True;Kos Putra
['Warteg 24', '432 m', 'Circle K', '2.2 km', 'Masjid Mataram City', '1.7 km', 'Bank Syariah Indonesia KCP Yogyakarta Kaliurang', '653 m', 'Universitas Pembangunan Nasional Veteran Yogyakarta', '2.8 km', 'RS Umum Condong Catur', '2.0 km'];['Kost Hustle House Kenanga Exclusive Depok Sleman 59M95QRF'];1500000;16.0;True;False;True;True;True;True;True;True;True;True;True;False;False;False;False;False;False;True;False;True;False;True;False;False;False;True;True;False;True;False;False;False;False;False;False;False;False;True;False;False;False;True;False;True;False;True;False;False;False;False;False;False;False;True;False;False;False;True;False;False;False;False;False;False;False;False;False;False;True;True;False;True;False;False;False;True;False;True;False;True;True;True;False;False;True;True;False;False;True;True;True;Kos Campur
['Rumah Makan Rata Rata', '3.0 km', 'Masjid Qoriban', '4.2 km', 'Sekolah Tinggi Ilmu Kesehatan Aisyiyah Yogyakarta', '3.8 km', 'RS Umum PKU Muhammadiyah Wates', '1.2 km'];['Kost Oren Type A Gamping Sleman 468OG'];400000;7.5;True;False;False;True;True;False;False;True;True;True;False;True;False;False;False;False;True;True;False;True;False;True;False;False;True;True;True;True;False;False;False;False;False;False;False;False;False;False;False;False;False;False;True;False;False;False;False;False;False;False;True;False;False;False;False;True;False;True;False;False;False;False;False;False;True;False;False;False;True;False;False;True;False;False;False;False;False;False;False;True;True;True;False;False;False;False;False;False;False;True;True;Kos Putri
['Rumah Makan Pak Kirun', '1.2 km', 'Masjid Safinatunnajah Pancasila', '200 m', 'BNI Wonosari', '619 m', 'RS Umum Daerah Wonosari', '1.1 km'];['Kost Hainand Type D Wonosari Gunung Kidul 9R1N0HV0'];500000;0.0;False;False;False;False;False;False;False;False;False;False;False;False;False;False;False;False;False;False;False;False;False;False;False;False;False;False;False;False;False;False;False;False;False;False;False;False;False;False;False;False;False;False;False;False;False;False;False;False;False;False;False;False;False;False;False;False;False;False;False;False;False;False;False;False;False;False;False;False;False;False;False;False;False;False;False;False;False;False;False;False;False;False;False;False;False;False;False;False;False;False;False;Kos Putri
['Rumah Makan & Seafood 99', '564 m', 'Masjid Al - Aman', '146 m'];['Kost Amanah Tipe B Godean Sleman 147AM'];700000;13.5;False;False;False;False;False;False;False;False;False;False;False;True;False;False;False;False;False;False;False;False;True;True;False;False;False;True;False;False;True;False;False;False;False;False;False;False;False;False;False;False;False;False;True;False;False;False;False;False;False;False;True;False;False;False;False;True;False;True;False;False;False;False;False;False;True;False;False;False;False;False;False;False;False;False;False;False;False;False;False;False;True;True;False;False;True;False;True;True;True;True;True;Kos Putri
['Masjid Al-Ghofur', '3.4 km', 'Universitas Muhammadiyah Yogyakarta', '727 m', 'RS Khusus Ibu dan Anak Kahyangan', '2.2 km'];['Kost DheeHar Kasihan Bantul 435DH'];3000000;20.0;True;False;False;False;False;True;True;True;True;True;True;True;False;False;False;True;False;True;False;True;True;True;True;False;False;True;False;False;True;False;False;False;False;False;False;False;False;False;False;False;False;True;True;False;False;False;False;False;False;False;False;False;False;False;False;True;False;True;False;False;False;False;False;False;True;False;False;True;True;True;False;True;False;False;False;True;False;False;True;False;True;True;False;False;True;False;False;True;True;True;True;Kos Campur
['Rumah Makan Ayam Bakar Selaras', '595 m', 'Circle K Anggajaya', '1.9 km', 'Masjid Muslim United', '1.9 km', 'Bank Syariah Indonesia KCP Yogyakarta Kaliurang', '3.1 km', 'Universitas Pembangunan Nasional Veteran Yogyakarta', '985 m', 'RS Umum Condong Catur', '1.7 km'];['Kost Singgahsini Ibu Sri Tipe C Condong Catur Yogyakarta VSV5W638'];1953000;12.0;True;False;False;True;True;False;True;True;True;True;False;False;False;False;False;True;True;True;False;False;True;True;True;False;False;True;False;False;True;False;False;True;False;True;False;False;False;False;False;False;False;True;True;False;False;False;False;True;False;False;False;False;False;False;False;True;False;True;False;True;False;False;False;False;False;False;False;False;True;False;False;False;False;False;False;True;False;True;False;False;True;True;False;False;True;False;False;True;True;True;True;Kos Campur
['Masjid Al-Ghofur', '3.4 km', 'Bank Jogja', '965 m', 'Universitas Muhammadiyah Yogyakarta', '2.8 km', 'RS Khusus Ibu dan Anak Fajar', '889 m'];['Kost Daily Noon Home Tipe A Kasihan Bantul 2M7VY01A'];750000;9.0;True;True;False;True;True;True;False;True;False;True;False;True;False;True;False;False;True;True;False;False;True;True;False;False;False;True;False;False;False;False;False;False;False;False;False;False;False;False;False;False;False;False;True;False;False;False;False;False;False;False;True;False;False;False;False;True;False;True;False;False;False;False;False;False;True;False;True;False;True;False;False;True;False;False;False;False;False;False;True;True;True;True;False;False;True;True;False;True;True;True;True;Kos Putri
['Rumah Makan Rata-Rata', '2.8 km', 'Circle K Jombor', '1.5 km', 'Masjid Nogotirto (Mosque)', '2.8 km', 'Bank Mandiri Sendangadi', '1.7 km', 'Sekolah Tinggi Ilmu Kesehatan Aisyiyah Yogyakarta', '3.4 km', 'RS UGM', '201 m'];['Kost Arfan Gamping Sleman 863742AG'];600000;15.0;True;False;False;False;False;False;False;True;False;False;False;False;False;False;False;False;False;True;False;False;False;True;False;False;False;False;True;True;True;False;False;False;False;False;False;False;False;False;False;False;False;False;True;False;False;False;False;False;False;False;True;False;False;False;False;True;False;True;False;False;False;False;False;False;False;False;False;False;False;False;False;False;False;False;False;False;False;False;False;False;False;False;False;False;False;False;False;True;False;True;True;Kos Putri
['Rumah Makan Sabar Menanti', '3.2 km', 'RS Umum Dharma', '3.6 km'];['Kost Puri Kelana Tipe A Berbah Sleman 480FV'];400000;9.0;True;False;False;False;False;False;False;True;False;False;False;False;False;False;False;False;False;True;False;False;False;True;False;False;False;False;False;True;False;False;False;False;False;False;False;False;False;True;False;False;False;False;False;False;False;False;False;False;False;False;True;False;False;True;False;True;False;True;False;False;False;False;False;False;False;False;False;False;False;False;False;False;False;False;False;False;False;False;False;False;False;False;False;False;False;False;False;False;False;False;False;Kos Campur
['Rumah Makan Selera Kuring', '2.6 km', 'Masjid Mataram City', '1.3 km', 'Sekolah Tinggi Ilmu Manajemen Ykpn', '1.3 km', 'RSU Puri Husada Yogyakarta', '3.3 km'];['Kost Halif Guest House Syariah Near Tipe A Ngaglik Sleman 647931HG'];1500000;15.0;True;False;False;True;True;False;True;True;True;True;True;True;False;True;False;True;True;True;False;False;True;True;True;False;False;True;False;False;True;False;False;False;False;False;False;True;False;False;False;False;False;False;True;True;False;True;False;False;False;False;False;False;False;False;False;False;False;True;False;False;False;False;False;False;True;False;False;False;True;False;False;False;False;False;True;True;False;True;True;False;True;True;False;False;True;False;False;True;True;True;True;Kos Putri
['Rumah Makan Kawanua', '452 m', 'Circle K Sudirman Tugu (Korner)', '686 m', 'Masjid As Salam', '1.3 km', 'Universitas Janabadra', '562 m'];['Kost Muslimah Nuli Jetis Yogyakarta 374689MN'];850000;9.0;True;False;False;False;False;False;False;True;False;False;True;False;False;True;False;False;True;True;True;False;False;True;False;True;False;False;True;True;True;False;False;False;False;False;False;False;False;False;False;False;False;False;True;False;False;False;False;False;False;False;True;False;False;False;False;True;False;True;False;False;False;False;False;False;False;False;False;False;True;False;False;False;False;False;False;False;False;True;False;True;True;True;False;False;True;False;False;False;False;True;True;Kos Putri
['Rumah Makan Bale Roso Godean', '286 m', 'Masjid Al - Aman', '3.4 km'];['Kost Madina Godean Sleman 498MG'];750000;9.0;True;False;False;False;False;False;False;True;True;False;True;False;False;True;False;True;True;True;True;False;False;True;False;False;False;True;False;False;True;False;False;False;False;False;False;False;False;False;False;False;False;True;True;False;False;False;False;False;False;False;False;False;False;False;False;True;False;True;False;False;False;False;False;False;True;False;False;False;True;False;False;True;False;False;False;True;False;False;False;False;True;True;False;False;True;False;True;False;False;True;True;Kos Putri
['Rumah Makan Sari Rasa', '2.4 km', 'Circle K Janti Yogya Expo Center', '800 m', 'Sekolah Tinggi Ilmu Kesehatan Surya Global', '4.1 km', 'RSPAU Dr. Suhardi Harjolukito', '290 m'];['Kost Ibu Feni Tipe C Banguntapan Bantul VU307XB6'];600000;12.0;False;False;False;False;False;False;False;False;False;False;False;False;False;False;False;False;False;False;False;False;False;True;False;False;False;False;False;True;False;False;False;False;False;False;False;False;False;False;False;False;False;False;True;False;False;False;False;False;False;False;True;False;False;False;False;True;False;True;False;False;False;False;False;False;False;False;False;False;False;False;False;False;False;False;False;False;False;False;False;False;False;False;False;False;False;False;False;False;False;False;False;Kos Putri
['Rumah Makan Kawanua', '2.4 km', 'Circle K Sinduadi', '1.3 km', 'Masjid Al Makmur', '1.9 km', 'BCA Bank Pingit Branch', '670 m', 'Universitas Gadjah Mada', '2.4 km', 'RS Khusus Bedah Sinduadi', '1.2 km'];['Kost Griya Ruella Mlati Sleman C5C47T5J'];1500000;12.0;True;False;False;True;True;False;True;True;True;True;True;False;False;True;False;True;True;True;False;False;True;True;False;False;False;True;False;False;True;False;False;False;False;True;False;False;False;False;False;False;False;False;True;False;False;False;False;False;False;False;True;True;False;False;False;True;False;True;False;True;False;False;False;False;False;False;True;False;False;False;False;False;False;False;False;True;False;True;False;False;True;True;False;False;True;False;False;True;True;True;True;Kos Putra
"['Rumah Makan Rata-Rata', '1.3 km', 'Circle K Kusumanegara', '3.3 km', ""Masjid Al-Maa'un Gambiran"", '1.4 km', 'Universitas Ahmad Dahlan', '3.3 km', 'RS Umum Daerah Kota Yogyakarta', '374 m']";['Kost Yutaka I Tipe B Umbulharjo Yogyakarta 2B8GF79J'];1300000;16.0;True;False;False;False;False;False;False;True;False;False;False;False;False;False;False;False;False;True;False;False;False;True;False;False;False;False;False;False;True;False;False;False;False;False;False;False;False;False;False;False;True;False;True;False;False;False;False;False;True;False;True;False;False;False;False;True;False;True;True;False;False;False;False;False;True;False;False;False;False;False;False;False;False;False;False;False;False;False;False;False;True;True;False;False;False;False;False;True;True;True;True;Kos Putra
['Warteg Bangjo', '900 m', 'Universitas Islam Indonesia', '592 m', 'RS Umum Gramedika 10', '1.7 km'];['Kost Artwo Tipe A Ngemplak Sleman 3FG4A60M'];700000;9.0;True;False;False;True;False;False;False;True;True;True;False;False;False;False;False;True;True;True;False;False;True;True;False;False;False;False;True;True;True;False;False;False;False;False;False;False;False;False;False;False;False;False;True;False;False;False;False;False;False;False;True;False;False;False;False;True;False;True;False;False;False;False;False;False;False;False;False;False;True;False;False;False;False;False;False;False;False;False;False;False;True;False;False;False;True;False;False;False;False;True;True;Kos Putra
['Rumah Makan Seafood Ls', '2.4 km', 'Masjid Arrohmat', '1.3 km', 'Sekolah Tinggi Ilmu Manajemen Ykpn', '4.6 km', 'RS Umum Gramedika 10', '2.1 km'];['Kost Kezza Tipe A Ngaglik Sleman 650TK'];1000000;12.0;True;False;True;True;True;False;True;True;True;True;False;False;False;False;False;True;False;True;False;False;True;True;False;False;False;True;True;False;True;False;False;False;False;False;False;False;False;False;False;False;False;False;True;False;False;False;False;False;False;False;True;False;False;False;False;True;False;True;False;False;False;False;False;False;False;False;False;False;False;False;False;False;False;False;False;False;False;False;False;False;False;False;False;False;False;False;False;True;True;True;True;Kos Putri
['Masjid Jami Tajem', '901 m', 'RS Universitas Ahmad Dahlan', '580 m'];['Kost 99 Ngemplak Sleman 7T864EJK'];550000;9.0;False;False;False;False;False;False;False;True;False;True;False;False;False;False;False;False;True;False;False;False;False;True;False;False;False;False;False;True;True;False;False;False;False;False;False;False;False;False;False;False;False;False;True;False;False;False;False;False;False;False;True;False;False;False;False;True;False;True;False;False;False;False;False;False;True;False;False;False;False;False;False;False;False;False;False;False;False;False;True;False;True;True;False;False;True;False;False;False;True;True;True;Kos Putra
['Rumah Makan Selera Kuring', '2.3 km', 'Circle K Jombor', '673 m', 'Masjid Mataram City', '1.3 km', 'Bank BPDDIY Syariah', '2.0 km', 'Universitas Teknologi Yogyakarta', '1.5 km', 'RS UGM', '1.7 km'];['Kost AD Eksklusif Mlati Sleman 6X53D6FA'];2700000;0.0;False;False;False;False;False;False;False;False;False;False;False;True;False;False;False;False;False;False;False;False;True;True;True;False;False;True;False;False;True;False;False;False;False;False;False;False;False;False;False;False;True;False;True;False;False;False;False;False;True;False;True;False;False;False;False;True;False;True;False;False;False;True;False;False;False;True;True;False;True;False;False;False;True;False;False;True;False;True;False;False;True;False;False;False;True;False;False;True;True;True;True;Kos Putri
['Rumah Makan Rata-Rata', '1.5 km', 'Circle K', '1.2 km', 'Masjid Jami Tajem', '2.4 km', 'Bank Mandiri', '4.0 km', 'Universitas Pembangunan Nasional Veteran Yogyakarta', '1.1 km', 'RS Khusus Ibu Anak Sadewa', '712 m'];['Kost Wisma Barokah UPN Tipe B Maguwoharjo Depok Sleman 926BD'];560000;10.5;True;False;False;False;False;False;False;True;False;False;False;False;False;False;False;False;False;True;False;False;False;True;False;False;False;False;False;True;False;False;False;False;False;False;False;False;False;False;False;False;False;False;True;False;False;False;False;False;False;False;True;False;False;False;False;True;False;True;False;False;False;False;False;False;False;False;False;False;False;False;False;False;False;False;False;False;False;False;False;False;False;False;False;False;False;False;False;True;False;True;True;Kos Putra
['Rumah Makan Rata-Rata', '488 m', 'Circle K Kusumanegara', '1.7 km', 'Masjid Agung Pura Pakualaman', '1.6 km', 'Universitas Islam Negeri Sunan Kalijaga Yogyakarta', '3.3 km', 'RSK THT Prof R Oepomo', '1.8 km'];['Kost Rumi Umbulharjo Yogyakarta 3ASG1H77'];750000;0.0;False;False;False;False;False;False;False;False;False;False;False;False;False;True;False;False;False;False;False;False;False;True;False;False;False;False;True;True;True;False;False;False;False;False;False;False;False;False;False;False;False;False;True;False;False;False;False;False;False;False;True;False;False;False;False;True;False;True;False;False;False;False;False;False;True;False;False;False;True;False;False;False;False;False;False;False;False;False;False;False;True;True;False;False;True;False;False;False;False;True;True;Kos Putri
"['Rumah Makan Ikan Bakar Slengseng', '1.1 km', 'Circle K Kusumanegara', '2.0 km', ""Masjid Al-Maa'un Gambiran"", '772 m', 'Akademi Seni Rupa Dan Desain MSD', '1.5 km', 'RS Umum Daerah Kota Yogyakarta', '1.4 km']";['Kost Omah Sawah Umbulharjo Yogyakarta WM547QZ1'];600000;9.0;False;False;False;False;False;True;False;True;False;True;True;True;False;False;False;False;True;False;False;False;False;True;False;False;True;False;True;True;False;False;True;True;False;True;False;False;False;False;False;True;True;False;True;False;False;False;True;False;True;True;True;False;False;False;False;True;True;True;False;True;False;False;False;False;True;False;True;False;True;False;False;True;True;False;False;False;False;False;False;True;True;True;False;False;True;False;False;True;True;True;True;Kos Putra
['Rumah Makan & Catering Dua Putri', '145 m', 'Circle K Gatic Condongsari (Korner)', '296 m', 'Masjid Muslim United', '2.3 km', 'BNI Syariah Jalan Kaliurang', '3.2 km', 'Universitas Atma Jaya Yogyakarta', '1.1 km', 'RS Khusus Ibu Anak Sadewa', '1.2 km'];['Kost Singgahsini Omah Anggur Tipe D Seturan Yogyakarta P8SM4B04'];1488000;10.5;True;False;False;True;False;False;True;True;True;True;False;False;False;False;False;True;True;True;False;False;True;True;True;False;False;True;False;False;True;False;False;True;False;True;False;False;False;False;False;False;False;True;True;False;False;False;False;True;False;False;False;False;False;False;False;True;False;True;False;True;False;False;False;False;False;False;False;False;False;False;False;False;False;False;False;False;False;False;False;False;True;True;False;False;True;False;False;True;True;True;True;Kos Putri
['Masjid Khadija', '1.1 km', 'RS Universitas Ahmad Dahlan', '2.1 km'];['Kost Cendana Tipe A Ngemplak Sleman 436897CA'];600000;12.0;False;False;False;False;False;False;False;False;False;False;False;False;False;False;False;False;False;False;False;False;False;True;False;False;False;False;True;True;True;False;False;False;False;False;False;False;False;False;False;False;False;True;True;False;False;False;False;False;False;False;False;False;False;False;False;True;False;True;False;False;False;False;False;False;False;False;False;False;False;False;False;False;True;False;False;False;False;False;False;False;True;False;False;False;True;False;False;False;False;True;True;Kos Putri
['Rumah Makan Luku Jalan Bantul', '1.4 km', 'Masjid Al Muhtar ISI Yogyakarta', '332 m', 'BNI 46 KCP Bantul', '3.2 km', 'Institut Seni Indonesia Yogyakarta', '532 m', 'RS Umum Griya Mahardika Yogyakarta', '2.2 km'];['Kost Pak Andri 1 Tipe A Sewon Bantul YHVU6456'];500000;12.0;False;False;False;False;False;False;False;True;False;True;False;False;False;False;False;False;True;True;False;False;False;True;False;False;False;False;True;True;True;False;False;False;False;False;False;False;False;False;False;False;False;True;True;False;False;False;False;False;False;True;False;False;False;False;False;True;True;True;False;False;False;False;False;False;True;False;False;False;False;False;False;False;False;False;False;False;False;True;False;True;True;True;False;False;True;False;False;True;False;True;True;Kos Putri
['Rumah Makan & Catering Dua Putri', '1.6 km', 'Circle K', '941 m', 'Masjid Jami Tajem', '2.6 km', 'Bank BNI Kalasan', '3.2 km', 'Universitas Pembangunan Nasional Veteran Yogyakarta', '1.1 km', 'RS Khusus Ibu Anak Sadewa', '463 m'];['Kost Kampus 2 Tipe A Depok Sleman VM1Q62Q5'];550000;9.0;False;False;False;False;False;False;False;True;False;False;False;False;False;False;False;False;True;False;False;False;False;True;False;True;False;False;False;True;False;False;False;True;False;False;False;False;False;False;False;False;False;False;True;False;False;False;False;False;False;False;True;False;False;False;False;True;False;True;False;False;False;False;False;False;True;False;True;False;False;False;False;False;False;False;False;False;True;False;True;True;True;True;False;False;False;False;False;True;True;True;True;Kos Putra
['Rumah Makan Rata-Rata', '2.7 km', 'Circle K Jombor', '1.3 km', 'Masjid Nogotirto (Mosque)', '3.0 km', 'Bank Sleman', '2.8 km', 'Universitas Teknologi Yogyakarta', '924 m', 'RS UGM', '256 m'];['Kost Bu Sri Tipe A Gamping Sleman T12UD6P2'];450000;12.0;False;False;False;False;False;False;False;True;False;False;False;False;False;False;False;False;True;False;False;False;False;True;False;False;False;False;False;True;True;False;False;False;False;False;False;False;False;False;False;False;False;False;True;False;False;False;False;False;False;False;True;False;False;False;False;True;False;True;False;False;False;False;False;False;False;False;False;False;False;False;False;False;False;False;False;False;False;False;False;False;True;True;False;False;False;False;False;False;False;True;True;Kos Putra
['Rumah Makan Sabar Menanti', '850 m', 'Circle K Sorogenen', '898 m', 'Bank BNI Kalasan', '764 m', 'RS Umum Dharma', '4.8 km'];['Kost Orlando Berbah Tipe B Berbah Sleman R63HF63G'];500000;13.5;False;False;False;False;False;False;False;False;False;False;False;False;False;False;False;False;False;False;False;False;True;True;False;False;False;False;True;True;True;False;False;False;False;False;False;False;False;True;False;False;False;True;False;False;False;False;False;False;False;True;False;False;False;True;False;True;True;True;False;False;False;False;False;False;True;False;False;False;False;False;False;False;False;False;False;False;False;False;True;False;True;True;False;False;False;False;False;True;True;True;True;Kos Campur
['Rumah Makan Pak Kirun', '1.1 km', 'Masjid Safinatunnajah Pancasila', '1.3 km', 'BNI Wonosari', '876 m', 'RS Umum Daerah Wonosari', '1.3 km'];['Kost Inez Berliana Wonosari Gunung Kidul 472358IB'];750000;12.0;True;False;True;True;False;False;True;True;True;False;False;False;False;False;False;True;True;True;True;False;True;True;False;False;False;True;True;False;True;False;False;False;False;False;False;False;False;False;False;False;False;False;True;False;False;False;False;False;False;False;True;False;False;False;False;True;False;True;False;False;False;False;False;False;False;False;False;False;True;False;False;True;False;False;False;False;False;False;False;False;True;False;False;True;True;False;False;True;True;True;True;Kos Putra
['Rumah Makan Seafood Ls', '809 m', 'Masjid Arrohmat', '2.9 km', 'Universitas Islam Indonesia', '1.2 km', 'RS Umum Gramedika 10', '951 m'];['Kost Orange Berry Ngaglik Sleman 784153OB'];1200000;12.0;True;False;False;False;False;False;True;True;True;False;True;False;True;False;False;True;False;True;False;False;True;True;True;False;False;True;False;False;True;False;False;False;False;False;False;False;False;False;False;False;False;False;True;False;False;False;False;False;False;False;True;False;False;False;False;True;False;True;False;False;False;False;False;False;True;False;False;False;True;False;False;True;False;False;False;True;True;False;True;False;True;True;False;False;True;False;True;False;False;True;True;Kos Putri
['Rumah Makan Selera Kuring', '2.2 km', 'Masjid Mina Yogyakarta', '1.2 km', 'Sekolah Tinggi Ilmu Manajemen Ykpn', '1.9 km', 'RSU Puri Husada Yogyakarta', '2.4 km'];['Kost Aji Mega Ngaglik Sleman 514728AM'];600000;9.0;True;True;False;False;False;False;False;True;True;True;False;False;False;False;False;False;True;False;False;False;False;True;False;False;False;False;True;True;True;False;False;True;False;False;False;False;False;False;False;False;False;False;True;False;False;False;False;False;False;False;True;False;False;False;False;True;False;True;False;False;False;False;False;False;False;False;False;False;False;False;False;False;False;False;False;False;False;False;False;True;True;False;False;False;True;False;False;True;True;True;True;Kos Putra
['Rumah Makan Rata Rata', '465 m', 'Masjid Qoriban', '893 m', 'Sekolah Tinggi Ilmu Kesehatan Aisyiyah Yogyakarta', '1.4 km', 'RS Umum Queen Latifa', '1.7 km'];['Kost Hatta Gamping Sleman 154982HG'];500000;6.0;False;False;False;False;False;False;False;True;False;True;False;False;False;False;False;False;True;False;False;False;False;True;False;True;True;False;True;False;False;False;False;False;False;False;False;False;False;True;False;False;False;True;False;False;False;False;False;False;False;False;False;False;False;True;False;True;False;True;False;False;False;False;False;False;True;False;False;False;True;True;False;False;False;False;False;False;False;False;True;False;True;False;False;False;True;False;True;True;True;True;True;Kos Putra
['Rumah Makan Plecing Kangkung', '398 m', 'Circle K Kotabaru', '760 m', 'Masjid Sonyoragi', '822 m', 'Universitas Ahmad Dahlan', '880 m', 'RS Bethesda Lempuyangwangi', '745 m'];['Kost Saqueena Lempuyangan Yogyakarta'];1600000;0.0;True;False;False;False;False;False;True;True;True;False;False;False;False;True;False;True;False;True;False;False;True;True;True;False;False;True;False;False;True;False;False;False;False;False;False;False;False;True;False;False;False;False;False;False;False;False;False;False;False;False;True;False;False;True;False;True;False;True;False;False;False;False;False;False;True;False;False;False;True;False;False;False;False;False;False;False;False;False;True;False;True;True;False;False;True;False;False;True;True;True;True;Kos Putri
['Warteg 24', '1.5 km', 'Circle K Anggajaya', '1.1 km', 'Masjid Muslim United', '1.7 km', 'Bank Mandiri', '1.2 km', 'Universitas Amikom Yogyakarta', '1.9 km', 'RS Umum Condong Catur', '1.2 km'];['Kost Singgahsini Aline Green Mansion Tipe A Condongcatur Yogyakarta G267VK9R'];1862000;17.5;True;False;False;True;True;False;True;True;True;False;True;True;False;True;False;True;True;True;False;False;True;True;True;False;False;True;False;False;True;False;False;True;False;True;False;False;False;False;False;False;False;False;True;False;False;False;False;True;False;False;True;False;False;False;False;True;False;True;False;True;False;False;False;False;True;False;False;False;True;False;False;False;False;False;False;False;False;True;True;False;True;True;False;False;True;False;False;True;True;True;True;Kos Putri
['Rumah Makan Ingkung Sawah', '394 m', 'Masjid Agung Pengasih', '1.3 km', 'Bank BPD DIY Cabang Wates', '935 m', 'IKIP PGRI Wates', '1.6 km'];['Kost Youni 2 Pengasih Kulon Progo 46MF0WR7'];850000;0.0;True;False;False;True;False;False;True;True;False;True;False;False;False;False;False;False;True;False;False;False;False;True;False;False;False;False;True;True;True;False;False;False;False;False;False;False;False;False;False;False;False;True;True;False;False;False;False;False;False;False;False;False;False;False;False;True;False;True;False;False;False;False;False;False;False;False;False;False;False;False;False;False;True;False;False;False;False;True;False;False;True;False;False;False;True;False;False;True;True;True;True;Kos Campur
['Rumah Makan Seafood Dewi', '5.9 km', 'Circle K Jombor', '4.0 km', 'Bank BPD DIY', '1.3 km', 'Universitas Teknologi Yogyakarta', '3.8 km', 'RS Khusus Bedah Sinduadi', '5.2 km'];['Kost Ibu Ambar Tipe A Mlati Sleman 631IB'];485000;9.0;True;False;False;False;False;False;False;True;True;False;False;False;False;False;False;True;False;False;False;False;False;True;False;False;False;True;True;False;True;False;False;False;False;False;False;False;False;False;False;False;True;False;True;False;False;False;False;False;True;False;True;False;False;False;False;True;False;True;False;False;False;False;False;True;True;False;False;False;False;False;False;True;False;False;False;False;False;False;True;False;True;True;False;False;False;False;False;True;False;True;True;Kos Campur
['Rumah Makan Sari Rasa', '1.7 km', 'Circle K Janti Yogya Expo Center', '2.6 km', 'Sekolah Tinggi Ilmu Kesehatan Surya Global', '2.1 km', 'RSPAU Dr. Suhardi Harjolukito', '2.5 km'];['Kost Ibu Neni Tipe Standart Banguntapan Bantul 039WL'];450000;9.0;True;False;False;True;False;False;False;True;True;True;False;False;False;False;False;True;True;True;False;False;False;True;False;False;True;False;True;True;False;False;False;False;False;False;False;False;False;False;False;False;False;False;True;False;False;False;False;False;False;True;True;False;False;False;False;True;True;True;False;False;False;False;False;False;True;False;False;False;False;False;False;False;True;False;False;False;True;True;True;True;True;False;False;False;False;False;False;False;False;True;True;Kos Putri
"['Rumah Makan Rata-Rata', '1.5 km', 'Circle K Kusumanegara', '3.0 km', ""Masjid Al-Maa'un Gambiran"", '647 m', 'Universitas Ahmad Dahlan', '3.4 km', 'RS Umum Daerah Kota Yogyakarta', '1.1 km']";['Kost Muslimah Tipe B Umbulharjo Yogyakarta 296541PM'];1000000;12.0;False;False;False;False;False;False;False;True;False;True;False;False;False;True;False;False;True;False;False;False;False;True;False;False;True;False;True;True;False;False;False;False;False;False;False;False;False;False;False;False;False;True;True;False;False;False;False;False;False;False;False;False;False;False;False;True;False;True;False;False;False;False;False;False;False;False;False;False;False;False;False;False;False;True;False;True;False;False;False;True;True;True;False;False;False;False;False;True;False;True;True;Kos Putri
"['Rumah Makan Rata-Rata', '2.4 km', 'Circle K Kusumanegara', '3.4 km', ""Masjid Al-Maa'un Gambiran"", '962 m', 'Universitas Ahmad Dahlan', '4.0 km', 'RS Umum Daerah Kota Yogyakarta', '2.0 km']";['Kost Ibu Lia Tipe B Umbulharjo Yogyakarta 734198IL'];950000;27.0;False;False;False;False;False;False;False;True;False;False;False;False;False;False;True;False;False;False;False;False;False;True;False;False;False;False;False;True;True;False;False;False;False;False;False;False;False;True;False;False;False;False;False;False;False;False;False;False;False;False;True;False;False;True;False;True;False;True;False;False;False;False;False;False;True;False;False;False;True;False;False;False;False;False;False;False;False;False;False;False;True;False;False;False;False;False;False;True;True;True;True;Kos Putra
['Rumah Makan Gajah Jaya', '725 m', 'Circle K Urip Sumoharjo', '644 m', 'Masjid El Hasan', '344 m', 'Bank Mandiri UGM', '780 m', 'Akademi Akuntansi YKPN', '742 m', 'RS Umum Panti Rapih', '337 m'];['Kost Sagan Tipe Standar Gondokusuman Yogyakarta 945BMJB0'];900000;6.0;True;False;False;True;False;False;False;True;True;True;False;False;False;False;False;True;True;True;False;False;True;True;False;False;True;True;True;False;False;False;False;False;False;False;False;False;False;False;False;False;False;False;True;False;False;False;False;False;False;False;True;False;False;False;False;True;False;True;False;False;False;False;False;False;False;False;False;False;False;False;False;False;False;False;False;False;False;False;False;False;True;False;False;False;True;False;False;False;False;True;True;Kos Putra
['Masjid Al-Ghofur', '4.0 km', 'Universitas Muhammadiyah Yogyakarta', '722 m', 'RS Khusus Ibu dan Anak Kahyangan', '2.8 km'];['Kost Empat Bersaudara Tipe A Kasihan Bantul 758EB'];650000;0.0;False;False;False;False;False;False;False;False;False;False;False;False;False;False;False;False;False;False;False;False;False;True;False;True;False;False;True;True;True;False;False;False;False;False;False;False;False;False;False;False;False;False;True;False;False;False;False;False;False;False;True;False;False;False;False;True;False;True;False;False;False;False;False;False;True;False;False;False;False;False;False;False;False;False;False;False;True;True;True;True;True;True;False;False;True;False;False;True;True;True;True;Kos Putra
['Rumah Makan Sari Rasa', '25 m', 'Circle K Janti Yogya Expo Center', '2.2 km', 'STISIP Kartika Bangsa', '791 m', 'RS Khusus Ibu dan Anak Permata Bunda', '421 m'];['Kost Jewellery GKS8B Banguntapan Bantul 154687JG'];850000;24.0;False;False;False;False;False;False;False;True;False;True;False;True;False;False;True;False;True;False;False;False;False;True;False;False;False;False;True;True;True;False;False;True;False;False;False;False;False;True;False;False;False;False;False;True;False;True;False;False;False;True;True;False;False;True;False;False;True;True;False;False;False;False;False;False;False;False;False;False;False;False;False;False;False;False;False;False;False;False;False;False;True;True;False;False;False;False;False;True;True;True;True;Kos Putri
['Rumah Makan Rata Rata', '2.2 km', 'Masjid Nogotirto (Mosque)', '2.9 km', 'Sekolah Tinggi Ilmu Kesehatan Aisyiyah Yogyakarta', '2.3 km', 'RS Umum PKU Muhammadiyah Wates', '1.7 km'];['Kost Karisma Gamping Sleman W1U3Z3R5'];650000;12.0;True;False;False;True;False;False;False;True;False;False;True;False;False;False;True;False;False;False;False;False;False;True;False;False;False;False;True;True;True;False;False;False;False;False;False;False;False;False;False;False;False;True;True;False;False;False;False;False;False;False;False;False;False;False;False;True;False;True;False;False;False;False;False;False;False;False;False;False;True;False;False;False;False;False;False;False;False;True;False;True;True;False;False;False;True;False;False;True;False;True;True;Kos Putri
['Rumah Makan & Restoran Parangtritis', '2.6 km', 'Masjid Al- Dzikro', '419 m', 'Institut Seni Indonesia Yogyakarta', '2.9 km', 'RS Umum Nur Hidayah', '2.3 km'];['Kost Mina 9 Sewon Bantul 7T33X9ZP'];1200000;9.0;True;False;True;True;False;False;True;True;False;False;False;False;False;False;False;False;False;True;False;False;True;True;True;False;False;True;False;False;False;False;False;False;False;False;False;False;False;False;False;False;False;False;True;False;False;False;False;False;False;False;True;False;False;False;False;True;False;True;False;False;False;False;False;False;False;False;False;False;False;False;False;False;False;False;False;False;False;True;False;False;True;False;False;False;True;False;False;True;True;True;True;Kos Campur
['Rumah Makan Rata-Rata', '1.0 km', 'Circle K Jl. Solo KM 8', '2.5 km', 'Masjid Jami Tajem', '1.9 km', 'Bank Mandiri', '6.2 km', 'Universitas Atma Jaya Yogyakarta', '3.2 km', 'RS Ibu Anak Arvita Bunda', '824 m'];['Kost Jowo Kluthuk Heritage Depok Sleman 674JK'];2500000;16.0;False;False;False;False;False;False;True;True;False;False;False;False;False;False;False;False;False;False;True;False;True;True;True;True;False;True;False;False;True;False;False;False;False;False;False;False;False;True;False;False;False;False;False;False;False;False;False;False;False;False;True;False;False;True;False;True;False;True;False;False;False;False;False;False;False;False;False;False;False;False;False;False;False;False;False;False;False;False;False;False;True;False;False;False;True;False;False;False;True;True;False;Kos Campur
['Rumah Makan Sabar Menanti', '5.0 km', 'RS Umum Dharma', '1.1 km'];['Kost Wiwit Berbah Sleman 127953WB'];850000;12.0;False;False;False;False;False;False;False;True;False;True;False;True;False;False;True;False;False;False;False;False;False;True;False;False;False;False;True;True;True;False;False;False;False;False;True;False;False;True;False;False;False;False;False;True;False;True;False;False;False;False;False;False;False;True;False;False;False;True;False;False;False;False;False;False;True;False;False;False;False;False;False;True;False;False;False;False;False;False;False;False;True;False;False;False;False;False;False;False;True;True;True;Kos Campur
['Rumah Makan Sari Rasa', '394 m', 'Masjid Al Huda Gedongkuning', '1.3 km', 'STISIP Kartika Bangsa', '483 m', 'RS Khusus Ibu dan Anak Permata Bunda', '626 m'];['Kost Survive Tipe B Kotagede Yogyakarta 916SD'];900000;6.0;True;False;False;True;False;False;False;True;True;True;False;False;False;True;False;True;True;True;False;False;False;True;False;False;False;True;True;True;True;False;False;True;True;True;False;False;False;False;False;False;False;True;True;False;False;False;False;False;False;True;False;False;False;False;False;True;True;True;False;True;False;False;False;False;True;False;True;False;False;False;False;False;True;False;False;True;False;False;True;True;True;True;False;False;True;False;False;True;False;True;True;Kos Putri
['Rumah Makan Kawanua', '111 m', 'Circle K Sosrowijayan II', '699 m', 'Masjid As Salam', '1.8 km', 'Universitas Janabadra', '445 m', 'RS Ludira Husada Tama', '797 m'];['Kost Azka Putri Muslimah Jetis Yogyakarta 492183AP'];570000;9.0;False;False;False;False;True;False;False;True;False;True;False;False;False;False;False;False;False;True;False;False;False;True;False;True;True;False;True;True;False;False;False;False;False;False;False;False;False;False;False;False;False;False;True;False;False;False;False;False;False;False;True;False;False;False;False;True;False;True;False;False;False;False;False;False;True;False;False;False;True;False;False;False;False;False;False;False;True;False;False;False;True;False;False;False;False;False;False;False;False;True;True;Kos Putri
['Rumah Makan Rata-Rata', '1.3 km', 'Circle K Jl. Solo KM 8', '1.1 km', 'Masjid Jami Tajem', '2.7 km', 'Bank Mandiri', '5.3 km', 'Universitas Atma Jaya Yogyakarta', '1.6 km', 'RS Umum Hermina Yogya', '778 m'];['Kost Griya Adem 5 Tipe A Depok Sleman 930GR'];750000;12.0;True;True;False;False;False;True;False;True;False;True;False;False;False;False;False;False;True;True;False;False;False;True;False;False;False;False;True;True;True;False;False;False;False;False;False;False;False;False;False;False;False;False;True;False;False;False;False;False;False;True;True;False;False;False;False;True;True;True;False;False;False;False;False;False;True;False;True;False;False;False;False;False;True;False;False;True;False;False;True;True;True;True;False;False;True;False;False;True;False;True;True;Kos Putri
['Rumah Makan & Seafood 99', '726 m', 'Masjid Al - Aman', '803 m'];['Kost Rubi Godean Sleman 029U7RNK'];1500000;0.0;False;False;False;False;False;False;False;False;False;False;False;False;False;False;False;False;False;False;False;False;False;False;False;False;False;False;False;False;False;False;False;False;False;False;False;False;False;False;False;False;False;False;False;False;False;False;False;False;False;False;False;False;False;False;False;False;False;False;False;False;False;False;False;False;False;False;False;False;False;False;False;False;False;False;False;False;False;False;False;False;False;False;False;False;False;False;False;False;False;False;False;Kos Putri
"['Rumah Makan Rata-Rata', '2.1 km', 'Circle K Kusumanegara', '3.4 km', ""Masjid Al-Maa'un Gambiran"", '824 m', 'Universitas Ahmad Dahlan', '3.9 km', 'RS Umum Daerah Kota Yogyakarta', '1.7 km']";['Kost Biru Jl Pemukti Umbulharjo Yogyakarta BRYC2815'];550000;9.0;True;False;False;False;False;False;False;True;True;False;False;False;False;False;False;True;True;True;False;False;True;True;False;False;False;False;True;True;False;False;False;False;False;False;False;False;False;False;False;False;False;True;True;False;False;False;False;False;False;False;False;False;False;False;False;True;False;True;False;False;False;False;False;False;True;False;False;False;False;False;False;True;False;False;False;True;False;False;True;True;True;True;False;False;True;False;False;True;True;True;True;Kos Putri
['Masjid Khadija', '7.4 km', 'Universitas Islam Indonesia', '1.1 km', 'RS Umum Mitra Paramedika', '5.3 km'];['Kost Barend House Type A Ngemplak Sleman 576928BH'];1000000;24.0;True;False;False;False;False;False;True;True;False;False;False;False;False;False;False;False;False;True;False;False;True;True;False;False;False;True;False;True;True;False;False;False;False;False;False;False;False;True;False;False;False;True;False;False;False;False;False;False;False;False;False;False;False;True;False;True;False;True;False;False;False;False;False;False;False;False;False;False;False;False;False;True;False;False;False;True;False;False;False;False;True;True;False;False;True;False;False;False;True;True;True;Kos Campur
['Rumah Makan & Restoran Parangtritis', '5.0 km', 'Masjid Al Mukmin', '659 m', 'Institut Seni Indonesia Yogyakarta', '2.3 km', 'RS Khusus Bedah Ring Road Selatan', '600 m'];['Kost Salakan Baru Sewon Bantul 741832PS'];400000;9.0;False;False;False;False;False;False;False;True;False;True;False;False;False;False;False;False;True;False;False;False;False;True;False;True;True;True;False;False;False;False;False;False;False;False;False;False;False;False;False;False;False;True;True;False;False;False;False;False;False;False;False;False;False;False;False;True;False;True;False;False;False;False;False;False;False;False;False;False;False;False;False;False;False;False;False;False;False;False;False;True;True;False;False;False;False;False;False;True;False;True;True;Kos Putri
['Rumah Makan Rata-Rata', '1.5 km', 'Circle K Janti Yogya Expo Center', '2.1 km', 'Masjid Diponegoro', '850 m', 'Universitas Islam Negeri Sunan Kalijaga Yogyakarta', '2.5 km', 'UPT Rumah Sakit Pratama Kota Yogyakarta', '2.0 km'];['Kost Omah Mapan Tipe A Umbulharjo Yogyakarta 351946OM'];2500000;12.0;True;False;False;True;False;False;True;True;True;False;True;False;False;False;False;True;False;True;False;False;True;True;True;False;False;True;False;False;True;False;False;False;False;False;False;True;False;True;False;False;False;False;False;True;False;True;False;False;False;False;False;False;False;True;False;False;False;True;False;False;False;False;False;False;False;False;False;False;False;False;False;False;False;False;False;True;True;True;False;True;True;False;True;False;True;False;True;True;True;True;True;Kos Campur
['Rumah Makan Gajah Jaya', '154 m', 'Circle K Urip Sumoharjo', '237 m', 'Masjid El Hasan', '908 m', 'Universitas Negeri Yogyakarta', '870 m', 'RSK Bedah An-Nur', '539 m'];['Kost Wisma Nalendra Gondokusuman Yogyakarta 854692WN'];2950000;25.0;True;False;False;False;False;False;True;True;True;True;True;True;False;False;False;True;False;True;False;True;True;True;True;False;False;True;False;False;True;False;False;True;False;True;False;False;False;True;False;False;True;True;False;True;False;True;False;False;True;True;False;True;True;True;False;False;True;True;False;True;False;False;False;False;True;False;True;False;True;False;False;True;False;True;False;True;False;True;False;False;True;False;False;False;True;True;False;True;True;True;True;Kos Putri
